Id,Image,created_at,updated_at
1,https://i1.wp.com/www.playearth10.com/wp-content/uploads/2012/12/c076d3ed976bf535b631ecb9ee1e913a.jpg?resize=1170%2C878&ssl=1,2019-06-13 09:58:52,2019-06-14 09:58:52
2,https://i1.wp.com/www.playearth10.com/wp-content/uploads/2012/12/MG_1190.jpg?resize=1170%2C780&ssl=1,2019-06-14 09:58:52,2019-06-15 09:58:52
3,https://i2.wp.com/www.playearth10.com/wp-content/uploads/2018/01/CDG2.jpg?w=1170&ssl=1,2019-06-15 09:58:52,2019-06-16 09:58:52
4,https://i1.wp.com/www.playearth10.com/wp-content/uploads/2012/12/CDGAF.jpg?resize=1170%2C779&ssl=1,2019-06-16 09:58:52,2019-06-17 09:58:52
5,https://i2.wp.com/www.playearth10.com/wp-content/uploads/2018/02/montecarlo-1.jpg?resize=1170%2C658&ssl=1,2019-06-17 09:58:52,2019-06-18 09:58:52
6,https://i0.wp.com/www.playearth10.com/wp-content/uploads/2018/01/porto-2.jpg?w=1170&ssl=1,2019-06-18 09:58:52,2019-06-19 09:58:52
7,https://i0.wp.com/www.playearth10.com/wp-content/uploads/2012/12/mykonos.jpg?resize=1170%2C878&ssl=1,2019-06-19 09:58:52,2019-06-20 09:58:52
8,https://i0.wp.com/www.playearth10.com/wp-content/uploads/2012/12/IMG_7227_10326.jpg?resize=1170%2C780&ssl=1,2019-06-20 09:58:52,2019-06-21 09:58:52
9,https://i2.wp.com/www.playearth10.com/wp-content/uploads/2012/12/Cappadocia.jpg?resize=1170%2C780&ssl=1,2019-06-21 09:58:52,2019-06-22 09:58:52
10,https://i0.wp.com/www.playearth10.com/wp-content/uploads/2012/12/Cappadocia2.jpg?resize=1170%2C780&ssl=1,2019-06-22 09:58:52,2019-06-23 09:58:52
11,https://i0.wp.com/www.playearth10.com/wp-content/uploads/2018/05/pamukkare2.jpg?resize=1170%2C658&ssl=1,2019-06-23 09:58:52,2019-06-24 09:58:52
12,https://i0.wp.com/www.playearth10.com/wp-content/uploads/2012/12/87ed12b702bcbe203ab34fd79892800d.jpg?resize=1170%2C833&ssl=1,2019-06-24 09:58:52,2019-06-25 09:58:52
13,https://i1.wp.com/www.playearth10.com/wp-content/uploads/2012/12/Aurora2.jpg?resize=1170%2C780&ssl=1,2019-06-25 09:58:52,2019-06-26 09:58:52
14,https://i2.wp.com/www.playearth10.com/wp-content/uploads/2012/12/Aurora.jpg?resize=1170%2C780&ssl=1,2019-06-26 09:58:52,2019-06-27 09:58:52
15,https://i1.wp.com/www.playearth10.com/wp-content/uploads/2018/08/hawaiisbx.jpg?w=1170&ssl=1,2019-06-27 09:58:52,2019-06-28 09:58:52
16,https://i0.wp.com/www.playearth10.com/wp-content/uploads/2012/12/26759a8f1cb738f2d9832bb9903f3198.jpg?resize=1170%2C833&ssl=1,2019-06-28 09:58:52,2019-06-29 09:58:52
17,https://i2.wp.com/www.playearth10.com/wp-content/uploads/2012/12/08fcab7764abc98d1720e33d60b97f0a.jpg?resize=1170%2C833&ssl=1,2019-06-29 09:58:52,2019-06-30 09:58:52
18,https://i2.wp.com/www.playearth10.com/wp-content/uploads/2012/12/P1020082_3287.jpg?resize=1170%2C878&ssl=1,2019-06-30 09:58:52,2019-07-01 09:58:52
19,https://i2.wp.com/www.playearth10.com/wp-content/uploads/2012/12/00142239_new.jpg?resize=1170%2C780&ssl=1,2019-07-01 09:58:52,2019-07-02 09:58:52
20,https://i2.wp.com/www.playearth10.com/wp-content/uploads/2012/12/00142121_new.jpg?resize=1170%2C780&ssl=1,2019-07-02 09:58:52,2019-07-03 09:58:52
21,https://i2.wp.com/www.playearth10.com/wp-content/uploads/2012/12/IMG_8644_new.jpg?resize=1170%2C878&ssl=1,2019-07-03 09:58:52,2019-07-04 09:58:52
22,https://i2.wp.com/www.playearth10.com/wp-content/uploads/2012/12/2009-03-094022_new.jpg?resize=1170%2C878&ssl=1,2019-07-04 09:58:52,2019-07-05 09:58:52
23,https://i1.wp.com/www.playearth10.com/wp-content/uploads/2012/12/MG_5903_new1.jpg?resize=1170%2C780&ssl=1,2019-07-05 09:58:52,2019-07-06 09:58:52
24,https://i1.wp.com/www.playearth10.com/wp-content/uploads/2012/12/IMG_0742_new.jpg?resize=1170%2C780&ssl=1,2019-07-06 09:58:52,2019-07-07 09:58:52
25,https://i0.wp.com/www.playearth10.com/wp-content/uploads/2012/12/MG_5253_new.jpg?resize=1170%2C780&ssl=1,2019-07-07 09:58:52,2019-07-08 09:58:52
26,https://i2.wp.com/www.playearth10.com/wp-content/uploads/2012/12/MG_4719_new1.jpg?resize=1170%2C780&ssl=1,2019-07-08 09:58:52,2019-07-09 09:58:52
27,https://i1.wp.com/www.playearth10.com/wp-content/uploads/2019/05/Macao-prv.jpg?resize=1170%2C658&ssl=1,2019-07-09 09:58:52,2019-07-10 09:58:52
28,https://i2.wp.com/www.playearth10.com/wp-content/uploads/2012/12/Brooklyn-Bridge.jpg?resize=1170%2C779&ssl=1,2019-07-10 09:58:52,2019-07-11 09:58:52
29,https://i1.wp.com/www.playearth10.com/wp-content/uploads/2012/12/IMG_0497_new.jpg?resize=1170%2C780&ssl=1,2019-07-11 09:58:52,2019-07-12 09:58:52
30,https://i0.wp.com/www.playearth10.com/wp-content/uploads/2012/12/IMG_0354_new.jpg?resize=1170%2C780&ssl=1,2019-07-12 09:58:52,2019-07-13 09:58:52
31,https://i2.wp.com/www.playearth10.com/wp-content/uploads/2012/12/Color-of-NYC-01.jpg?resize=1170%2C833&ssl=1,2019-07-13 09:58:52,2019-07-14 09:58:52
32,https://i1.wp.com/www.playearth10.com/wp-content/uploads/2018/02/nycboat-copy.jpg?w=1170&ssl=1,2019-07-14 09:58:52,2019-07-15 09:58:52
33,https://i0.wp.com/www.playearth10.com/wp-content/uploads/2018/08/Starueofliberty.jpg?w=1170&ssl=1,2019-07-15 09:58:52,2019-07-16 09:58:52
34,https://i1.wp.com/www.playearth10.com/wp-content/uploads/2018/02/Guggennheim-copyjpg.jpg?resize=1170%2C658&ssl=1,2019-07-16 09:58:52,2019-07-17 09:58:52
35,https://i0.wp.com/www.playearth10.com/wp-content/uploads/2018/05/NYC.jpg?resize=1170%2C780&ssl=1,2019-07-17 09:58:52,2019-07-18 09:58:52
36,https://i0.wp.com/www.playearth10.com/wp-content/uploads/2012/12/MG_0421_new.jpg?resize=1170%2C780&ssl=1,2019-07-18 09:58:52,2019-07-19 09:58:52
37,https://i1.wp.com/www.playearth10.com/wp-content/uploads/2012/12/MG_0417_new.jpg?resize=1170%2C780&ssl=1,2019-07-19 09:58:52,2019-07-20 09:58:52
38,https://i1.wp.com/www.playearth10.com/wp-content/uploads/2012/12/MG_9944_new.jpg?resize=1170%2C780&ssl=1,2019-07-20 09:58:52,2019-07-21 09:58:52
39,https://i0.wp.com/www.playearth10.com/wp-content/uploads/2012/12/MG_8578_468106.jpg?resize=1170%2C780&ssl=1,2019-07-21 09:58:52,2019-07-22 09:58:52
40,https://i1.wp.com/www.playearth10.com/wp-content/uploads/2012/12/MG_8347_467939.jpg?resize=1170%2C780&ssl=1,2019-07-22 09:58:52,2019-07-23 09:58:52
41,https://i2.wp.com/www.playearth10.com/wp-content/uploads/2012/12/MG_8793_468252.jpg?resize=1170%2C780&ssl=1,2019-07-23 09:58:52,2019-07-24 09:58:52
42,https://i0.wp.com/www.playearth10.com/wp-content/uploads/2012/12/MG_8810_new.jpg?resize=1170%2C780&ssl=1,2019-07-24 09:58:52,2019-07-25 09:58:52
43,https://i2.wp.com/www.playearth10.com/wp-content/uploads/2012/12/MG_7897_new.jpg?resize=1170%2C780&ssl=1,2019-07-25 09:58:52,2019-07-26 09:58:52
44,https://i2.wp.com/www.playearth10.com/wp-content/uploads/2018/02/Paris-copy.jpg?resize=1170%2C658&ssl=1,2019-07-26 09:58:52,2019-07-27 09:58:52
45,https://i2.wp.com/www.playearth10.com/wp-content/uploads/2012/12/Bright-Paris-01.jpg?resize=1170%2C833&ssl=1,2019-07-27 09:58:52,2019-07-28 09:58:52
46,https://i2.wp.com/www.playearth10.com/wp-content/uploads/2012/12/Bright-Paris-07.jpg?resize=1170%2C833&ssl=1,2019-07-28 09:58:52,2019-07-29 09:58:52
47,https://i2.wp.com/www.playearth10.com/wp-content/uploads/2012/12/MG_6093.jpg?resize=1170%2C781&ssl=1,2019-07-29 09:58:52,2019-07-30 09:58:52
48,https://i2.wp.com/www.playearth10.com/wp-content/uploads/2012/12/MG_5314_11698.jpg?resize=1170%2C780&ssl=1,2019-07-30 09:58:52,2019-07-31 09:58:52
49,https://i2.wp.com/www.playearth10.com/wp-content/uploads/2012/12/DSC00972.jpg?resize=1170%2C779&ssl=1,2019-07-31 09:58:52,2019-08-01 09:58:52
50,https://i1.wp.com/www.playearth10.com/wp-content/uploads/2012/12/Matterhorn.jpg?resize=1170%2C779&ssl=1,2019-08-01 09:58:52,2019-08-02 09:58:52
51,https://i0.wp.com/www.playearth10.com/wp-content/uploads/2012/12/DSC03077.jpg?resize=1170%2C778&ssl=1,2019-08-02 09:58:52,2019-08-03 09:58:52
52,https://i0.wp.com/www.playearth10.com/wp-content/uploads/2012/12/DSC03087.jpg?resize=1170%2C778&ssl=1,2019-08-03 09:58:52,2019-08-04 09:58:52
53,https://i1.wp.com/www.playearth10.com/wp-content/uploads/2018/01/kiyomizu_sam.jpg?resize=1170%2C779&ssl=1,2019-08-04 09:58:52,2019-08-05 09:58:52
54,https://i0.wp.com/www.playearth10.com/wp-content/uploads/2012/12/MG_2046.jpg?w=1170&ssl=1,2019-08-05 09:58:52,2019-08-06 09:58:52